{
	"id": "100acd44130f65dbe20abd233c5a3c94",
	"_format": "hh-sol-build-info-1",
	"solcVersion": "0.8.18",
	"solcLongVersion": "0.8.18+commit.87f61d96",
	"input": {
		"language": "Solidity",
		"sources": {
			"sol_codes/intermediate/summary.sol": {
				"content": "// SPDX-License-Identifier: MIT\r\n//summary of the above code\r\n// Mapping- key:value pair\r\n\r\n// struct\r\n// SYNTAX \r\n\r\n/*\r\nstruct person\r\n{\r\n    address wallet_addr;\r\n    uint bank_balance;\r\n\r\n}\r\nperson public vasan;\r\nvasan.address_wallet=0hb2kl8j499;\r\nvasan.amount=69;\r\n*/\r\n\r\n\r\n\r\n/*\r\nenum- used to create user defined type in solidity */\r\n\r\n\r\n\r\n\r\n\r\n\r\n\r\n// transactions and errors\r\n\r\n/*\r\n    require, assert, revert\r\n\r\n\r\n    revert and require can return an error string\r\n\r\n\r\n    ASSERT VS REQUIRE (when to use)\r\n\r\n    require = for Revert operations and user input\r\n    assert  = for Invalid operations\r\n\r\n\r\n    assert is triggered when\r\n\r\n    =>out of bounds index ;\r\n    =>dvision by zero;\r\n\r\n\r\n    try catch\r\n\r\n    catch error->revert;\r\n    catch Panic->assert/division by zero /non-recoverable errors\r\n    catch rest->errors\r\n\r\n    */\r\n\r\n"
			}
		},
		"settings": {
			"optimizer": {
				"enabled": false,
				"runs": 200
			},
			"outputSelection": {
				"*": {
					"": [
						"ast"
					],
					"*": [
						"abi",
						"metadata",
						"devdoc",
						"userdoc",
						"storageLayout",
						"evm.legacyAssembly",
						"evm.bytecode",
						"evm.deployedBytecode",
						"evm.methodIdentifiers",
						"evm.gasEstimates",
						"evm.assembly"
					]
				}
			}
		}
	},
	"output": {
		"errors": [
			{
				"component": "general",
				"errorCode": "3420",
				"formattedMessage": "Warning: Source file does not specify required compiler version! Consider adding \"pragma solidity ^0.8.18;\"\n--> sol_codes/intermediate/summary.sol\n\n",
				"message": "Source file does not specify required compiler version! Consider adding \"pragma solidity ^0.8.18;\"",
				"severity": "warning",
				"sourceLocation": {
					"end": -1,
					"file": "sol_codes/intermediate/summary.sol",
					"start": -1
				},
				"type": "Warning"
			}
		],
		"sources": {
			"sol_codes/intermediate/summary.sol": {
				"ast": {
					"absolutePath": "sol_codes/intermediate/summary.sol",
					"exportedSymbols": {},
					"id": 1,
					"license": "MIT",
					"nodeType": "SourceUnit",
					"nodes": [],
					"src": "841:0:0"
				},
				"id": 0
			}
		}
	}
}